◼️◼️◼️◼️◼️最近,""
中央公園(20240109-20240209),"pdf/CentralPark.pdf"
◼️◼️◼️◼️◼️誤読の世界,""
虎の思い出(2023/11/7-2023/11/13),"pdf/memoryoftora.pdf"
はじめての和和翻訳〜誤読の練習帳(20230825-20230902),"pdf/wawatrans.pdf"
日日翻訳 〜誤釈の楽園(20230903-20230925),"pdf/hihitrans.pdf"
かくうの第一章〜注釈つき(20221213-20230930),"pdf/kakuunochap1.pdf"
,""
◼️◼️◼️◼️◼️そのあと,""
踏切の発明(20231210-20231219),"pdf/20231219fumikiri-zero.pdf"
踏切の発明{虚述編}(20231210-20231229),"pdf/20231229fumikiri-kyojutu.pdf"
,""
◼️◼️◼️◼️◼️◼️,""
ことのあらまし(20170722-20200928)),"pdf/almostofthings.pdf"
つまらない仕事(20170527-20170626〜20181031-20190128),"pdf/boringwork.pdf"
鳥(20171014-20180331),"pdf/bird.pdf"
はなせるくらぶ(20171020〜20171118),"pdf/clubtalker2.pdf"
書く人(20170515〜20170701),"pdf/writer.pdf"
私には名前があります(20170520〜20170626),"pdf/ihaveaname.pdf"
,""
◼️◼️◼️◼️◼️,""
旅の概要(2017/05/27),"pdf/outlineofmytravel.pdf"
画家の場合, "pdf/casepainter.pdf"
作家の場合, "pdf/casewriter.pdf"
終わりなき世界(2016/04/20),"pdf/endlessworld.pdf"
事件の真相(2016/04/10),"pdf/thetruthofthecase.pdf"
豹と私, "pdf/hyoutowatasi.pdf"
鼠の発生, "pdf/nezuminohassei.pdf"
話題の関係, "pdf/wadainokannkei.pdf"
ある小説家の悩み, "pdf/awriter.pdf"
河童, "pdf/kappa.pdf"
,""
◼️抽象小説◼️,""
題名がここにある(2016/02/29),"pdf/hereisatitle.pdf"
第三初等小説(2016/02/20), "pdf/thridelementarystory2.pdf"
,""
◼️物語ふう◼️,""
三階(2015/12/12), "pdf/floor3rd.pdf"
メゾン, "pdf/meson.pdf"
手紙の印象, "pdf/impression.pdf"
現実物語, "pdf/genjitsu.pdf"
ある古典, "pdf/aclassic.pdf"
空踏市の醜聞, "pdf/sorafumi.pdf"
鼓動の研究, "pdf/studybeats.pdf"
対話の技法, "pdf/artofdialect.pdf"
追放会議議事録控, "pdf/tsuihoukaigi.pdf"
北半規管町一丁目の夜, "pdf/kitahan.pdf"
,""
◼️◼️◼️◼️◼️,""
彼の思い出, "pdf/memoriesofhim.pdf"
仕事のおわり, "pdf/endofwork.pdf"
放尿記, "pdf/honyoki.pdf"
地下鉄の夜, "pdf/metro.pdf"
私と私でない誰か, "pdf/IandnotI.pdf"
セントメアリー号の失われた航海, "pdf/stmary.pdf"
まりことさかなあるいは恋人が魚になったときの調理法, "pdf/mariko.pdf"
認識の町, "pdf/ninshiki.pdf"
今はない町, "pdf/imanaimachi.pdf"
斜塔, "pdf/shatou.pdf"
無人島日記, "pdf/diaryisle.pdf"
どこにもない町, "pdf/notown.pdf"
塔, "pdf/tower.pdf"
失踪者, "pdf/missinger.pdf"
家系, "pdf/afamily.pdf"
あなたのためだけの一冊の本, "pdf/abookofu.pdf"
,""
◼️◼️◼️◼️◼️,""
夢の人, "pdf/oneinadream.pdf"
この世の終わりの家, "pdf/worldsendhouse.pdf"
言語の印象, "pdf/impressionlang.pdf"
エクセロの選択, "pdf/ekusero.pdf"
エルブラン, "pdf/Herbrand.pdf"
話せるクラブ, "pdf/clubtalker.pdf"
とにけ君の最初の思い出, "pdf/tonike1.pdf"
読み物がいっぱい, "pdf/tonike2.pdf"
とにけ君の最後の思い出, "pdf/tonike3.pdf"
かな式まちかど, "xpdf/akanam.pdf"
かな式左回帰線, "pdf/left.pdf"
かな式愛の物語, "pdf/kanalovestory.pdf"
かな式愛の物語 Ver.2, "pdf/kanalovestoryv2.pdf"
とらんじっと, "pdf/transit.pdf"
右目の構造, "pdf/righteye.pdf"
鼻の回転, "pdf/nose.pdf"
天使の領域(2015/12/12), "pdf/angel.pdf"
,""
